Removed_%,Remaining_Features,Mean_Score,Std_Score
0,54,-0.05219297380888764,0.011655289467618816
10,48,-0.05168744566123201,0.011451444982294154
20,43,-0.0513316120420105,0.011196758454026618
30,37,-0.05104098454461577,0.011209932601458115
40,32,-0.050537807745161346,0.011068610738427265
50,27,-0.050149672499494834,0.010958650823518623
