Train_Size,Train_Fraction,RMSECV_Mean,RMSECV_Std,RMSEP
21,0.2,0.028090530457398614,0.01627162483856846,0.07197604803582075
43,0.4,0.04953522753656742,0.019602178554277837,0.06698278635495637
64,0.6,0.0412129963358134,0.007339671625284582,0.07325390488663168
86,0.8,0.04805716588483859,0.011611011007888899,0.06806273308802992
108,1.0,0.04816169403048575,0.009495287372828029,0.06848397099275981
